epoch,exact_match,mean_tanimoto,median_tanimoto,validity
0,0.0,0.08,0.05,0.15
2,0.0466,0.1558,0.12,0.30000000000000004
4,0.0932,0.23160000000000003,0.19,0.45000000000000007
6,0.1398,0.3074,0.26,0.6
8,0.1864,0.38320000000000004,0.32999999999999996,0.7500000000000001
10,0.233,0.459,0.39999999999999997,0.9
